Row Labels,Sum of ValueBasedonProductID,,,ProductCategory,ProductName,Sum of ValueBasedonProductID,
Clothing,1619621722,,,Clothing,Blue Pants,73515618.75,0.04539061
Footwear,815670018.4,,,Clothing,Yellow Pants,71016687.84,0.089238311
Furniture,57237537145,,,Clothing,Pink Pants,68560966.11,0.131569779
Headwear,499629691.9,,,Clothing,Red Pants,68329341.39,0.173758236
Grand Total,60172458578,,,Clothing,Green Pants,68098108.59,0.215803924
,,,,Clothing,Black Pants,67406761.71,0.257422754
,,,,Clothing,Neon Pants,67062411,0.298828973
,,,,Clothing,Purple Pants,66718942.11,0.340023124
,,,,Clothing,Blue Shorts,54148284.64,0.373455798
,,,,Clothing,Yellow Long Sleeve,53194383.99,0.406299506
,,,,Clothing,Yellow Shorts,51738173.44,0.43824411
,,,,Clothing,Green Shorts,51738173.44,0.470188713
,,,,Clothing,Green Long Sleeve,50590716,0.501424844
,,,,Clothing,Black Long Sleeve,50259517.44,0.532456483
,,,,Clothing,Red Shorts,49883003.64,0.563255653
,,,,Clothing,Black Shorts,48637534.59,0.593285834
,,,,Clothing,Pink Shorts,47815969.39,0.622808758
,,,,Clothing,Neon Shorts,47326389.31,0.652029402
,,,,Clothing,Blue Long Sleeve,46132077.75,0.680512644
,,,,Clothing,Purple Long Sleeve,45973820.31,0.708898174
,,,,Clothing,Pink Long Sleeve,45500679.51,0.736991573
,,,,Clothing,Neon Long Sleeve,45265026.84,0.764939474
,,,,Clothing,Purple Shorts,45154455.04,0.792819104
,,,,Clothing,Red Long Sleeve,44795556.96,0.820477141
,,,,Clothing,Green T-Shirt,38493503.11,0.844244112
,,,,Clothing,Black T-Shirt,38493503.11,0.868011083
,,,,Clothing,Purple T-Shirt,37488001.99,0.89115723
,,,,Clothing,Red T-Shirt,36004700.71,0.913387545
,,,,Clothing,Yellow T-Shirt,35821393.24,0.935504681
,,,,Clothing,Blue T-Shirt,35699448.16,0.957546524
,,,,Clothing,Neon T-Shirt,35395495.11,0.979400698
,,,,Clothing,Pink T-Shirt,33363077.11,1
,,,,Footwear,Red Sneakers,59468522.75,0.072907575
,,,,Footwear,Pink Sneakers,54843178.04,2.125778052
,,,,Footwear,Purple Sneakers,54658365.44,2.192788442
,,,,Footwear,Blue Sneakers,53830568.75,2.258783964
,,,,Footwear,Green Sneakers,53556040.16,2.324442918
,,,,Footwear,Neon Sneakers,53556040.16,2.390101872
,,,,Footwear,Yellow Sneakers,53464686.59,2.455648827
,,,,Footwear,Neon Sandals,52600748.64,2.520136607
,,,,Footwear,Purple Sandals,52516215.51,2.584520751
,,,,Footwear,Black Sneakers,50938446.51,2.646970572
,,,,Footwear,Red Sandals,49027209.99,2.707077243
,,,,Footwear,Green Sandals,46369973.76,2.763926181
,,,,Footwear,Pink Sandals,45736944,2.819999032
,,,,Footwear,Blue Sandals,45736944,2.876071884
,,,,Footwear,Black Sandals,45579366.36,2.931951548
,,,,Footwear,Yellow Sandals,43786767.75,2.985633511
,,,,Furniture,Bean bag chair,6487889348,0.113350254
,,,,Furniture,Writing desk,4328630977,0.231523101
,,,,Furniture,Credenza,4321425600,0.307022953
,,,,Furniture,Dining table,2876625225,0.357280622
,,,,Furniture,Armchair,2289347473,0.397277932
,,,,Furniture,Papasan chair,2143451245,0.43472628
,,,,Furniture,Ottoman,1974715953,0.469226646
,,,,Furniture,Entertainment center,1889572295,0.502239462
,,,,Furniture,Bench,1767002953,0.533110863
,,,,Furniture,Loft bed,1571563309,0.560567727
,,,,Furniture,Accent table,1504564045,0.586854044
,,,,Furniture,Bookshelf,1441425600,0.612037266
,,,,Furniture,Nightstand,1422270655,0.636885831
,,,,Furniture,Footstool,1365574582,0.660743856
,,,,Furniture,Console table,1344610848,0.684235622
,,,,Furniture,Sideboard,1303169862,0.707003371
,,,,Furniture,Display cabinet,1300886604,0.729731229
,,,,Furniture,Corner shelf,1296326094,0.75237941
,,,,Furniture,Rocking chair,1282692610,0.774789399
,,,,Furniture,Dresser,1188287889,0.795550039
,,,,Furniture,Bed frame,1161127920,0.815836165
,,,,Furniture,Platform bed,1042793662,0.834054868
,,,,Furniture,End table,976259427.8,0.851111147
,,,,Furniture,Sofa,805503745.8,0.865184145
,,,,Furniture,Futon,772809138.4,0.878685934
,,,,Furniture,Coffee table,719022852,0.89124802
,,,,Furniture,Wardrobe,714229379.6,0.903726359
,,,,Furniture,Vanity table,697578476,0.915913789
,,,,Furniture,Sectional sofa,662559275,0.927489396
,,,,Furniture,Buffet,659106952.9,0.939004688
,,,,Furniture,Accent chair,643115352.1,0.95024059
,,,,Furniture,Murphy bed,632938742.2,0.961298696
,,,,Furniture,Folding chair,629564574.6,0.972297852
,,,,Furniture,Slipper chair,613937694.5,0.983023989
,,,,Furniture,Bar stool,439223871.4,0.990697692
,,,,Furniture,TV stand,437770691.6,0.998346007
,,,,Furniture,Bar cabinet,424085579.3,1.005755228
,,,,Furniture,Recliner,421944637.4,1.013127045
,,,,Furniture,Hall tree,421232194.1,1.020486415
,,,,Furniture,Chaise lounge,302103245.2,1.025764476
,,,,Furniture,Bunk bed,282235182.8,1.030695422
,,,,Furniture,Wall-mounted shelf,273726070.1,1.035477704
,,,,Furniture,Chesterfield sofa,262583184.5,1.040065309
,,,,Furniture,Secretary desk,142052130,1.042547109
,,,,Headwear,Red Beanie,37488001.99,0.075031574
,,,,Headwear,Yellow Beanie,35943546.24,119.5810846
,,,,Headwear,Pink Beanie,34851654.36,119.6508395
,,,,Headwear,Green Beanie,34551339.91,119.7199934
,,,,Headwear,Blue Beanie,33127919.59,119.7862984
,,,,Headwear,Black Beanie,32369401.44,119.8510851
,,,,Headwear,Neon Beanie,31791903.64,119.9147161
,,,,Headwear,Purple Beanie,31333647.96,119.9774298
,,,,Headwear,Purple Ball Cap,30935244.64,120.0393462
,,,,Headwear,Black Ball Cap,30687068.79,120.1007658
,,,,Headwear,Yellow Ball Cap,30390577.11,120.161592
,,,,Headwear,Pink Ball Cap,28307839,120.2182496
,,,,Headwear,Neon Ball Cap,27834076,120.2739591
,,,,Headwear,Red Ball Cap,27598693.75,120.3291973
,,,,Headwear,Green Ball Cap,26667159.75,120.3825712
,,,,Headwear,Blue Ball Cap,25751617.75,120.4341126
